{"userMap":"map_rafael","lines":[{"id":1697294224127,"lines":[[-31.740211944232165,-52.39706039428712],[-31.7229837510007,-52.38264083862305]]},{"id":1697294247896,"lines":[[-31.698961137007178,-52.41886138916016],[-31.70392680753383,-52.40821838378907],[-31.70889221223743,-52.40066528320313],[-31.71268910704663,-52.39620208740235],[-31.719406309307406,-52.39105224609376],[-31.725246959131407,-52.38590240478516],[-31.728751172360283,-52.379379272460945],[-31.731963251414808,-52.37525939941407],[-31.736343179765843,-52.36495971679688],[-31.739554995617926,-52.35809326171876],[-31.74013895017179,-52.35328674316407]]}]}