{"userMap":"map_rafael","lines":[{"id":1697294224127,"lines":[[-31.740211944232165,-52.39706039428712],[-31.7229837510007,-52.38264083862305]]},{"id":1697294247896,"lines":[[-31.69925324263146,-52.41808891296387],[-31.712470059648908,-52.39645957946778]]}]}